phase,benchmark,variant,round,ns_op,B_op,allocs_op,writer_wait_us/op,writer_wait_max_us,writer_calls
combined,BenchmarkFleetReserveProviderEx,master,1,160879.0,202070.0,14.0,,,
combined,BenchmarkFleetQuickCapacityCheck,master,1,102634.0,1024.0,1.0,,,
combined,BenchmarkReserveProviderExPendingService_350x2/pending0,master,1,345078.0,448644.0,300.0,,,
combined,BenchmarkReserveProviderExPendingService_350x2/pending4,master,1,546706.0,448643.0,300.0,,,
combined,BenchmarkReserveProviderExPendingService_350x2/pending16,master,1,1450449.0,448642.0,300.0,,,
combined,BenchmarkRequestPathSerial,master,1,197859.0,232949.0,15.0,,,
combined,BenchmarkRequestPathParallel,master,1,71199.0,233063.0,14.0,,,
combined,BenchmarkReservationScale/providers=32/models=2,master,1,37457.0,52624.0,9.0,,,
combined,BenchmarkReservationScale/providers=32/models=15,master,1,14688.0,35926.0,9.0,,,
combined,BenchmarkReservationScale/providers=350/models=2,master,1,325008.0,400893.0,20.0,,,
combined,BenchmarkReservationScale/providers=350/models=15,master,1,62272.0,80258.0,10.0,,,
combined,BenchmarkReservationScale/providers=1260/models=2,master,1,1161146.0,1525535.0,52.0,,,
combined,BenchmarkReservationScale/providers=1260/models=15,master,1,197357.0,232855.0,15.0,,,
combined,BenchmarkReservationScale/providers=3000/models=2,master,1,3149622.0,3599630.0,111.0,,,
combined,BenchmarkReservationScale/providers=3000/models=15,master,1,493398.0,540295.0,24.0,,,
combined,BenchmarkReservationScale/providers=6000/models=2,master,1,7283083.0,7159134.0,213.0,,,
combined,BenchmarkReservationScale/providers=6000/models=15,master,1,1164478.0,1119355.0,41.0,,,
combined,BenchmarkReservationPlan350,master,1,391350.0,441529.0,27.0,,,
combined,BenchmarkReservationParallel350,master,1,142755.0,436704.0,21.0,,,
combined,BenchmarkReservationReservationWriter,master,1,145505.0,476028.0,22.0,1.586,24.29,426.0
combined,BenchmarkReservationSkewedModels/largeEvery=1,master,1,10296373.0,9530786.0,282.0,,,
combined,BenchmarkReservationSkewedModels/largeEvery=20,master,1,1739972.0,1718276.0,57.0,,,
combined,BenchmarkReserveProviderEx_350x2,master,1,312991.0,435152.0,19.0,,,
combined,BenchmarkFleetReserveProviderEx,optimized,1,132232.0,4501.0,7.0,,,
combined,BenchmarkFleetQuickCapacityCheck,optimized,1,95009.0,1024.0,1.0,,,
combined,BenchmarkReserveProviderExPendingService_350x2/pending0,optimized,1,283694.0,8412.0,6.0,,,
combined,BenchmarkReserveProviderExPendingService_350x2/pending4,optimized,1,411877.0,8373.0,6.0,,,
combined,BenchmarkReserveProviderExPendingService_350x2/pending16,optimized,1,1016664.0,8515.0,6.0,,,
combined,BenchmarkRequestPathSerial,optimized,1,164861.0,4845.0,8.0,,,
combined,BenchmarkRequestPathParallel,optimized,1,59697.0,4947.0,7.0,,,
combined,BenchmarkReservationSkewedModels/largeEvery=1,optimized,1,8822526.0,4188524.0,118.0,,,
combined,BenchmarkReservationSkewedModels/largeEvery=20,optimized,1,1456036.0,294219.0,14.0,,,
combined,BenchmarkReservationScale/providers=32/models=2,optimized,1,30201.0,2549.0,8.0,,,
combined,BenchmarkReservationScale/providers=32/models=15,optimized,1,10998.0,2258.0,8.0,,,
combined,BenchmarkReservationScale/providers=350/models=2,optimized,1,265096.0,6785.0,7.0,,,
combined,BenchmarkReservationScale/providers=350/models=15,optimized,1,51002.0,2862.0,7.0,,,
combined,BenchmarkReservationScale/providers=1260/models=2,optimized,1,960625.0,101462.0,8.0,,,
combined,BenchmarkReservationScale/providers=1260/models=15,optimized,1,165140.0,4809.0,7.0,,,
combined,BenchmarkReservationScale/providers=3000/models=2,optimized,1,2525895.0,228871.0,8.0,,,
combined,BenchmarkReservationScale/providers=3000/models=15,optimized,1,409266.0,9004.0,8.0,,,
combined,BenchmarkReservationScale/providers=6000/models=2,optimized,1,6276058.0,2350737.0,67.0,,,
combined,BenchmarkReservationScale/providers=6000/models=15,optimized,1,965827.0,67141.0,9.0,,,
combined,BenchmarkReservationPlan350,optimized,1,313215.0,14804.0,14.0,,,
combined,BenchmarkReservationParallel350,optimized,1,105530.0,8717.0,8.0,,,
combined,BenchmarkReservationReservationWriter,optimized,1,106877.0,8855.0,8.0,1.56,22.42,412.0
combined,BenchmarkReserveProviderEx_350x2,optimized,1,268170.0,8339.0,6.0,,,
combined,BenchmarkFleetReserveProviderEx,optimized,2,132394.0,4464.0,7.0,,,
combined,BenchmarkFleetQuickCapacityCheck,optimized,2,94993.0,1024.0,1.0,,,
combined,BenchmarkReserveProviderExPendingService_350x2/pending0,optimized,2,287142.0,8345.0,6.0,,,
combined,BenchmarkReserveProviderExPendingService_350x2/pending4,optimized,2,416513.0,8373.0,6.0,,,
combined,BenchmarkReserveProviderExPendingService_350x2/pending16,optimized,2,999512.0,8513.0,6.0,,,
combined,BenchmarkRequestPathSerial,optimized,2,165377.0,4881.0,8.0,,,
combined,BenchmarkRequestPathParallel,optimized,2,58004.0,4939.0,7.0,,,
combined,BenchmarkReservationSkewedModels/largeEvery=1,optimized,2,8723792.0,4188532.0,118.0,,,
combined,BenchmarkReservationSkewedModels/largeEvery=20,optimized,2,1453428.0,298005.0,14.0,,,
combined,BenchmarkReservationScale/providers=32/models=2,optimized,2,30195.0,2547.0,7.0,,,
combined,BenchmarkReservationScale/providers=32/models=15,optimized,2,10940.0,2260.0,8.0,,,
combined,BenchmarkReservationScale/providers=350/models=2,optimized,2,264493.0,6927.0,7.0,,,
combined,BenchmarkReservationScale/providers=350/models=15,optimized,2,51099.0,2902.0,7.0,,,
combined,BenchmarkReservationScale/providers=1260/models=2,optimized,2,957235.0,102289.0,8.0,,,
combined,BenchmarkReservationScale/providers=1260/models=15,optimized,2,164328.0,4796.0,7.0,,,
combined,BenchmarkReservationScale/providers=3000/models=2,optimized,2,2511466.0,234023.0,8.0,,,
combined,BenchmarkReservationScale/providers=3000/models=15,optimized,2,404600.0,8668.0,8.0,,,
combined,BenchmarkReservationScale/providers=6000/models=2,optimized,2,6142914.0,2295394.0,65.0,,,
combined,BenchmarkReservationScale/providers=6000/models=15,optimized,2,947724.0,66375.0,9.0,,,
combined,BenchmarkReservationPlan350,optimized,2,311976.0,14728.0,14.0,,,
combined,BenchmarkReservationParallel350,optimized,2,101077.0,8774.0,8.0,,,
combined,BenchmarkReservationReservationWriter,optimized,2,115088.0,8819.0,8.0,1.732,26.17,448.0
combined,BenchmarkReserveProviderEx_350x2,optimized,2,266993.0,8339.0,6.0,,,
combined,BenchmarkFleetReserveProviderEx,master,2,157710.0,202069.0,14.0,,,
combined,BenchmarkFleetQuickCapacityCheck,master,2,101994.0,1024.0,1.0,,,
combined,BenchmarkReserveProviderExPendingService_350x2/pending0,master,2,345425.0,448644.0,300.0,,,
combined,BenchmarkReserveProviderExPendingService_350x2/pending4,master,2,544414.0,448646.0,300.0,,,
combined,BenchmarkReserveProviderExPendingService_350x2/pending16,master,2,1442292.0,448641.0,300.0,,,
combined,BenchmarkRequestPathSerial,master,2,196341.0,232932.0,15.0,,,
combined,BenchmarkRequestPathParallel,master,2,83725.0,233082.0,14.0,,,
combined,BenchmarkReservationScale/providers=32/models=2,master,2,37182.0,52626.0,9.0,,,
combined,BenchmarkReservationScale/providers=32/models=15,master,2,14516.0,35929.0,9.0,,,
combined,BenchmarkReservationScale/providers=350/models=2,master,2,321319.0,400841.0,20.0,,,
combined,BenchmarkReservationScale/providers=350/models=15,master,2,61595.0,80244.0,10.0,,,
combined,BenchmarkReservationScale/providers=1260/models=2,master,2,1146116.0,1525542.0,52.0,,,
combined,BenchmarkReservationScale/providers=1260/models=15,master,2,195374.0,232844.0,15.0,,,
combined,BenchmarkReservationScale/providers=3000/models=2,master,2,3138904.0,3599622.0,111.0,,,
combined,BenchmarkReservationScale/providers=3000/models=15,master,2,488785.0,540345.0,24.0,,,
combined,BenchmarkReservationScale/providers=6000/models=2,master,2,7367292.0,7159135.0,213.0,,,
combined,BenchmarkReservationScale/providers=6000/models=15,master,2,1122531.0,1119449.0,41.0,,,
combined,BenchmarkReservationPlan350,master,2,388923.0,441530.0,27.0,,,
combined,BenchmarkReservationParallel350,master,2,110358.0,436765.0,21.0,,,
combined,BenchmarkReservationReservationWriter,master,2,148540.0,477785.0,22.0,3.485,326.2,466.0
combined,BenchmarkReservationSkewedModels/largeEvery=1,master,2,10291956.0,9530806.0,282.0,,,
combined,BenchmarkReservationSkewedModels/largeEvery=20,master,2,1717848.0,1715495.0,57.0,,,
combined,BenchmarkReserveProviderEx_350x2,master,2,311446.0,435152.0,19.0,,,
combined,BenchmarkFleetReserveProviderEx,master,3,157771.0,202079.0,14.0,,,
combined,BenchmarkFleetQuickCapacityCheck,master,3,102674.0,1024.0,1.0,,,
combined,BenchmarkReserveProviderExPendingService_350x2/pending0,master,3,343417.0,448645.0,300.0,,,
combined,BenchmarkReserveProviderExPendingService_350x2/pending4,master,3,543893.0,448642.0,300.0,,,
combined,BenchmarkReserveProviderExPendingService_350x2/pending16,master,3,1438723.0,448641.0,300.0,,,
combined,BenchmarkRequestPathSerial,master,3,196511.0,232972.0,15.0,,,
combined,BenchmarkRequestPathParallel,master,3,82813.0,233080.0,14.0,,,
combined,BenchmarkReservationScale/providers=32/models=2,master,3,37357.0,52645.0,9.0,,,
combined,BenchmarkReservationScale/providers=32/models=15,master,3,14517.0,35922.0,9.0,,,
combined,BenchmarkReservationScale/providers=350/models=2,master,3,321757.0,400972.0,20.0,,,
combined,BenchmarkReservationScale/providers=350/models=15,master,3,61793.0,80245.0,10.0,,,
combined,BenchmarkReservationScale/providers=1260/models=2,master,3,1151681.0,1526249.0,52.0,,,
combined,BenchmarkReservationScale/providers=1260/models=15,master,3,195884.0,232868.0,15.0,,,
combined,BenchmarkReservationScale/providers=3000/models=2,master,3,3159300.0,3599620.0,111.0,,,
combined,BenchmarkReservationScale/providers=3000/models=15,master,3,492190.0,540439.0,24.0,,,
combined,BenchmarkReservationScale/providers=6000/models=2,master,3,7227425.0,7159136.0,213.0,,,
combined,BenchmarkReservationScale/providers=6000/models=15,master,3,1130046.0,1120137.0,41.0,,,
combined,BenchmarkReservationPlan350,master,3,389169.0,441530.0,27.0,,,
combined,BenchmarkReservationParallel350,master,3,144460.0,436922.0,21.0,,,
combined,BenchmarkReservationReservationWriter,master,3,145689.0,474489.0,22.0,2.744,240.0,407.0
combined,BenchmarkReservationSkewedModels/largeEvery=1,master,3,10262008.0,9530787.0,282.0,,,
combined,BenchmarkReservationSkewedModels/largeEvery=20,master,3,1711711.0,1711011.0,57.0,,,
combined,BenchmarkReserveProviderEx_350x2,master,3,311133.0,435152.0,19.0,,,
combined,BenchmarkFleetReserveProviderEx,optimized,3,132453.0,4498.0,7.0,,,
combined,BenchmarkFleetQuickCapacityCheck,optimized,3,95193.0,1024.0,1.0,,,
combined,BenchmarkReserveProviderExPendingService_350x2/pending0,optimized,3,284194.0,8346.0,6.0,,,
combined,BenchmarkReserveProviderExPendingService_350x2/pending4,optimized,3,412364.0,8372.0,6.0,,,
combined,BenchmarkReserveProviderExPendingService_350x2/pending16,optimized,3,1004503.0,8514.0,6.0,,,
combined,BenchmarkRequestPathSerial,optimized,3,165089.0,4889.0,8.0,,,
combined,BenchmarkRequestPathParallel,optimized,3,59227.0,4945.0,7.0,,,
combined,BenchmarkReservationSkewedModels/largeEvery=1,optimized,3,8625664.0,4188526.0,118.0,,,
combined,BenchmarkReservationSkewedModels/largeEvery=20,optimized,3,1451534.0,296640.0,14.0,,,
combined,BenchmarkReservationScale/providers=32/models=2,optimized,3,30586.0,2549.0,8.0,,,
combined,BenchmarkReservationScale/providers=32/models=15,optimized,3,10989.0,2254.0,8.0,,,
combined,BenchmarkReservationScale/providers=350/models=2,optimized,3,267230.0,6712.0,7.0,,,
combined,BenchmarkReservationScale/providers=350/models=15,optimized,3,51385.0,2878.0,7.0,,,
combined,BenchmarkReservationScale/providers=1260/models=2,optimized,3,969705.0,102344.0,8.0,,,
combined,BenchmarkReservationScale/providers=1260/models=15,optimized,3,165893.0,4744.0,7.0,,,
combined,BenchmarkReservationScale/providers=3000/models=2,optimized,3,2536630.0,228696.0,8.0,,,
combined,BenchmarkReservationScale/providers=3000/models=15,optimized,3,408082.0,8669.0,8.0,,,
combined,BenchmarkReservationScale/providers=6000/models=2,optimized,3,6176957.0,2322153.0,66.0,,,
combined,BenchmarkReservationScale/providers=6000/models=15,optimized,3,965765.0,67090.0,9.0,,,
combined,BenchmarkReservationPlan350,optimized,3,318512.0,14728.0,14.0,,,
combined,BenchmarkReservationParallel350,optimized,3,104336.0,8759.0,8.0,,,
combined,BenchmarkReservationReservationWriter,optimized,3,107748.0,8809.0,8.0,1.608,19.29,413.0
combined,BenchmarkReserveProviderEx_350x2,optimized,3,269288.0,8339.0,6.0,,,
combined,BenchmarkFleetReserveProviderEx,optimized,4,133300.0,4497.0,7.0,,,
combined,BenchmarkFleetQuickCapacityCheck,optimized,4,95572.0,1024.0,1.0,,,
combined,BenchmarkReserveProviderExPendingService_350x2/pending0,optimized,4,285799.0,8413.0,6.0,,,
combined,BenchmarkReserveProviderExPendingService_350x2/pending4,optimized,4,413014.0,8568.0,6.0,,,
combined,BenchmarkReserveProviderExPendingService_350x2/pending16,optimized,4,1010096.0,8513.0,6.0,,,
combined,BenchmarkRequestPathSerial,optimized,4,166049.0,4894.0,8.0,,,
combined,BenchmarkRequestPathParallel,optimized,4,60819.0,4933.0,7.0,,,
combined,BenchmarkReservationSkewedModels/largeEvery=1,optimized,4,8864329.0,4188536.0,118.0,,,
combined,BenchmarkReservationSkewedModels/largeEvery=20,optimized,4,1464070.0,297271.0,14.0,,,
combined,BenchmarkReservationScale/providers=32/models=2,optimized,4,30315.0,2543.0,7.0,,,
combined,BenchmarkReservationScale/providers=32/models=15,optimized,4,10917.0,2263.0,8.0,,,
combined,BenchmarkReservationScale/providers=350/models=2,optimized,4,266580.0,6784.0,7.0,,,
combined,BenchmarkReservationScale/providers=350/models=15,optimized,4,51327.0,2878.0,7.0,,,
combined,BenchmarkReservationScale/providers=1260/models=2,optimized,4,966981.0,101469.0,8.0,,,
combined,BenchmarkReservationScale/providers=1260/models=15,optimized,4,165451.0,4770.0,7.0,,,
combined,BenchmarkReservationScale/providers=3000/models=2,optimized,4,2527980.0,228696.0,8.0,,,
combined,BenchmarkReservationScale/providers=3000/models=15,optimized,4,405017.0,8666.0,8.0,,,
combined,BenchmarkReservationScale/providers=6000/models=2,optimized,4,6450230.0,2323344.0,66.0,,,
combined,BenchmarkReservationScale/providers=6000/models=15,optimized,4,968518.0,66404.0,9.0,,,
combined,BenchmarkReservationPlan350,optimized,4,318702.0,14805.0,14.0,,,
combined,BenchmarkReservationParallel350,optimized,4,84019.0,8712.0,8.0,,,
combined,BenchmarkReservationReservationWriter,optimized,4,103407.0,8781.0,8.0,1.765,98.25,475.0
combined,BenchmarkReserveProviderEx_350x2,optimized,4,267748.0,8467.0,6.0,,,
combined,BenchmarkFleetReserveProviderEx,master,4,157222.0,202066.0,14.0,,,
combined,BenchmarkFleetQuickCapacityCheck,master,4,101982.0,1024.0,1.0,,,
combined,BenchmarkReserveProviderExPendingService_350x2/pending0,master,4,344697.0,448644.0,300.0,,,
combined,BenchmarkReserveProviderExPendingService_350x2/pending4,master,4,550371.0,448645.0,300.0,,,
combined,BenchmarkReserveProviderExPendingService_350x2/pending16,master,4,1438680.0,448641.0,300.0,,,
combined,BenchmarkRequestPathSerial,master,4,197471.0,232933.0,15.0,,,
combined,BenchmarkRequestPathParallel,master,4,88223.0,233167.0,14.0,,,
combined,BenchmarkReservationScale/providers=32/models=2,master,4,37333.0,52636.0,9.0,,,
combined,BenchmarkReservationScale/providers=32/models=15,master,4,14641.0,35926.0,9.0,,,
combined,BenchmarkReservationScale/providers=350/models=2,master,4,323093.0,400843.0,20.0,,,
combined,BenchmarkReservationScale/providers=350/models=15,master,4,61765.0,80243.0,10.0,,,
combined,BenchmarkReservationScale/providers=1260/models=2,master,4,1153178.0,1526239.0,52.0,,,
combined,BenchmarkReservationScale/providers=1260/models=15,master,4,195813.0,232878.0,15.0,,,
combined,BenchmarkReservationScale/providers=3000/models=2,master,4,3139980.0,3599632.0,111.0,,,
combined,BenchmarkReservationScale/providers=3000/models=15,master,4,492198.0,540403.0,24.0,,,
combined,BenchmarkReservationScale/providers=6000/models=2,master,4,9246846.0,7159143.0,214.0,,,
combined,BenchmarkReservationScale/providers=6000/models=15,master,4,1244071.0,1119880.0,41.0,,,
combined,BenchmarkReservationPlan350,master,4,390366.0,441530.0,27.0,,,
combined,BenchmarkReservationParallel350,master,4,114630.0,437007.0,21.0,,,
combined,BenchmarkReservationReservationWriter,master,4,157959.0,475280.0,22.0,3.037,258.3,418.0
combined,BenchmarkReservationSkewedModels/largeEvery=1,master,4,11146896.0,9530802.0,282.0,,,
combined,BenchmarkReservationSkewedModels/largeEvery=20,master,4,1766032.0,1721666.0,57.0,,,
combined,BenchmarkReserveProviderEx_350x2,master,4,314331.0,435152.0,19.0,,,
combined,BenchmarkFleetReserveProviderEx,master,5,159042.0,202074.0,14.0,,,
combined,BenchmarkFleetQuickCapacityCheck,master,5,103935.0,1024.0,1.0,,,
combined,BenchmarkReserveProviderExPendingService_350x2/pending0,master,5,349071.0,448644.0,300.0,,,
combined,BenchmarkReserveProviderExPendingService_350x2/pending4,master,5,544555.0,448642.0,300.0,,,
combined,BenchmarkReserveProviderExPendingService_350x2/pending16,master,5,1429799.0,448640.0,300.0,,,
combined,BenchmarkRequestPathSerial,master,5,200302.0,232959.0,15.0,,,
combined,BenchmarkRequestPathParallel,master,5,64087.0,233139.0,14.0,,,
combined,BenchmarkReservationScale/providers=32/models=2,master,5,37437.0,52644.0,9.0,,,
combined,BenchmarkReservationScale/providers=32/models=15,master,5,14726.0,35929.0,9.0,,,
combined,BenchmarkReservationScale/providers=350/models=2,master,5,329561.0,400840.0,20.0,,,
combined,BenchmarkReservationScale/providers=350/models=15,master,5,63396.0,80256.0,10.0,,,
combined,BenchmarkReservationScale/providers=1260/models=2,master,5,1176070.0,1525523.0,52.0,,,
combined,BenchmarkReservationScale/providers=1260/models=15,master,5,197625.0,232839.0,15.0,,,
combined,BenchmarkReservationScale/providers=3000/models=2,master,5,3193252.0,3595071.0,111.0,,,
combined,BenchmarkReservationScale/providers=3000/models=15,master,5,499705.0,540439.0,24.0,,,
combined,BenchmarkReservationScale/providers=6000/models=2,master,5,7283366.0,7159133.0,213.0,,,
combined,BenchmarkReservationScale/providers=6000/models=15,master,5,1135715.0,1120137.0,41.0,,,
combined,BenchmarkReservationPlan350,master,5,395136.0,441529.0,27.0,,,
combined,BenchmarkReservationParallel350,master,5,134884.0,436901.0,21.0,,,
combined,BenchmarkReservationReservationWriter,master,5,140497.0,476437.0,22.0,1.545,51.5,432.0
combined,BenchmarkReservationSkewedModels/largeEvery=1,master,5,10387935.0,9530820.0,282.0,,,
combined,BenchmarkReservationSkewedModels/largeEvery=20,master,5,1752180.0,1725898.0,58.0,,,
combined,BenchmarkReserveProviderEx_350x2,master,5,315855.0,435152.0,19.0,,,
combined,BenchmarkFleetReserveProviderEx,optimized,5,133415.0,4482.0,7.0,,,
combined,BenchmarkFleetQuickCapacityCheck,optimized,5,96097.0,1024.0,1.0,,,
combined,BenchmarkReserveProviderExPendingService_350x2/pending0,optimized,5,285618.0,8346.0,6.0,,,
combined,BenchmarkReserveProviderExPendingService_350x2/pending4,optimized,5,431501.0,8378.0,6.0,,,
combined,BenchmarkReserveProviderExPendingService_350x2/pending16,optimized,5,1070170.0,8524.0,6.0,,,
combined,BenchmarkRequestPathSerial,optimized,5,170929.0,4844.0,8.0,,,
combined,BenchmarkRequestPathParallel,optimized,5,63013.0,4910.0,7.0,,,
combined,BenchmarkReservationSkewedModels/largeEvery=1,optimized,5,9203954.0,4188513.0,118.0,,,
combined,BenchmarkReservationSkewedModels/largeEvery=20,optimized,5,1469896.0,298914.0,14.0,,,
combined,BenchmarkReservationScale/providers=32/models=2,optimized,5,30446.0,2547.0,7.0,,,
combined,BenchmarkReservationScale/providers=32/models=15,optimized,5,11015.0,2251.0,8.0,,,
combined,BenchmarkReservationScale/providers=350/models=2,optimized,5,268188.0,6784.0,7.0,,,
combined,BenchmarkReservationScale/providers=350/models=15,optimized,5,51629.0,2890.0,7.0,,,
combined,BenchmarkReservationScale/providers=1260/models=2,optimized,5,973154.0,104117.0,8.0,,,
combined,BenchmarkReservationScale/providers=1260/models=15,optimized,5,166030.0,4785.0,7.0,,,
combined,BenchmarkReservationScale/providers=3000/models=2,optimized,5,2592967.0,228939.0,8.0,,,
combined,BenchmarkReservationScale/providers=3000/models=15,optimized,5,416867.0,8839.0,8.0,,,
combined,BenchmarkReservationScale/providers=6000/models=2,optimized,5,6197106.0,2362284.0,67.0,,,
combined,BenchmarkReservationScale/providers=6000/models=15,optimized,5,964978.0,66347.0,9.0,,,
combined,BenchmarkReservationPlan350,optimized,5,315193.0,14806.0,14.0,,,
combined,BenchmarkReservationParallel350,optimized,5,99297.0,8762.0,8.0,,,
combined,BenchmarkReservationReservationWriter,optimized,5,102186.0,8960.0,8.0,1.718,38.29,376.0
combined,BenchmarkReserveProviderEx_350x2,optimized,5,270894.0,8403.0,6.0,,,
combined,BenchmarkFleetReserveProviderEx,optimized,6,132757.0,4482.0,7.0,,,
combined,BenchmarkFleetQuickCapacityCheck,optimized,6,94645.0,1024.0,1.0,,,
combined,BenchmarkReserveProviderExPendingService_350x2/pending0,optimized,6,287927.0,8344.0,6.0,,,
combined,BenchmarkReserveProviderExPendingService_350x2/pending4,optimized,6,415989.0,8372.0,6.0,,,
combined,BenchmarkReserveProviderExPendingService_350x2/pending16,optimized,6,1011321.0,8516.0,6.0,,,
combined,BenchmarkRequestPathSerial,optimized,6,166090.0,4866.0,8.0,,,
combined,BenchmarkRequestPathParallel,optimized,6,58987.0,4977.0,7.0,,,
combined,BenchmarkReservationSkewedModels/largeEvery=1,optimized,6,8728004.0,4188527.0,118.0,,,
combined,BenchmarkReservationSkewedModels/largeEvery=20,optimized,6,1443639.0,295485.0,14.0,,,
combined,BenchmarkReservationScale/providers=32/models=2,optimized,6,30412.0,2550.0,8.0,,,
combined,BenchmarkReservationScale/providers=32/models=15,optimized,6,10976.0,2259.0,8.0,,,
combined,BenchmarkReservationScale/providers=350/models=2,optimized,6,266179.0,6709.0,7.0,,,
combined,BenchmarkReservationScale/providers=350/models=15,optimized,6,51070.0,2906.0,7.0,,,
combined,BenchmarkReservationScale/providers=1260/models=2,optimized,6,966435.0,100559.0,8.0,,,
combined,BenchmarkReservationScale/providers=1260/models=15,optimized,6,167097.0,4749.0,7.0,,,
combined,BenchmarkReservationScale/providers=3000/models=2,optimized,6,2531331.0,234343.0,8.0,,,
combined,BenchmarkReservationScale/providers=3000/models=15,optimized,6,405004.0,8665.0,8.0,,,
combined,BenchmarkReservationScale/providers=6000/models=2,optimized,6,6120069.0,2322149.0,66.0,,,
combined,BenchmarkReservationScale/providers=6000/models=15,optimized,6,958064.0,66342.0,9.0,,,
combined,BenchmarkReservationPlan350,optimized,6,313997.0,14803.0,14.0,,,
combined,BenchmarkReservationParallel350,optimized,6,98663.0,8749.0,8.0,,,
combined,BenchmarkReservationReservationWriter,optimized,6,112173.0,8775.0,8.0,1.445,19.58,438.0
combined,BenchmarkReserveProviderEx_350x2,optimized,6,267575.0,8402.0,6.0,,,
combined,BenchmarkFleetReserveProviderEx,master,6,159809.0,202068.0,14.0,,,
combined,BenchmarkFleetQuickCapacityCheck,master,6,103341.0,1024.0,1.0,,,
combined,BenchmarkReserveProviderExPendingService_350x2/pending0,master,6,348614.0,448645.0,300.0,,,
combined,BenchmarkReserveProviderExPendingService_350x2/pending4,master,6,559920.0,448643.0,300.0,,,
combined,BenchmarkReserveProviderExPendingService_350x2/pending16,master,6,1446463.0,448641.0,300.0,,,
combined,BenchmarkRequestPathSerial,master,6,198500.0,232959.0,15.0,,,
combined,BenchmarkRequestPathParallel,master,6,79038.0,233035.0,14.0,,,
combined,BenchmarkReservationScale/providers=32/models=2,master,6,37481.0,52636.0,9.0,,,
combined,BenchmarkReservationScale/providers=32/models=15,master,6,14857.0,35919.0,9.0,,,
combined,BenchmarkReservationScale/providers=350/models=2,master,6,330213.0,400847.0,20.0,,,
combined,BenchmarkReservationScale/providers=350/models=15,master,6,62842.0,80289.0,10.0,,,
combined,BenchmarkReservationScale/providers=1260/models=2,master,6,1170890.0,1526516.0,52.0,,,
combined,BenchmarkReservationScale/providers=1260/models=15,master,6,199774.0,232843.0,15.0,,,
combined,BenchmarkReservationScale/providers=3000/models=2,master,6,3181576.0,3595068.0,111.0,,,
combined,BenchmarkReservationScale/providers=3000/models=15,master,6,496405.0,540391.0,24.0,,,
combined,BenchmarkReservationScale/providers=6000/models=2,master,6,7226505.0,7159121.0,213.0,,,
combined,BenchmarkReservationScale/providers=6000/models=15,master,6,1144380.0,1120187.0,41.0,,,
combined,BenchmarkReservationPlan350,master,6,396349.0,441530.0,27.0,,,
combined,BenchmarkReservationParallel350,master,6,126581.0,436917.0,21.0,,,
combined,BenchmarkReservationReservationWriter,master,6,138897.0,476521.0,22.0,2.203,118.2,439.0
combined,BenchmarkReservationSkewedModels/largeEvery=1,master,6,10265915.0,9530792.0,282.0,,,
combined,BenchmarkReservationSkewedModels/largeEvery=20,master,6,1734628.0,1716420.0,57.0,,,
combined,BenchmarkReserveProviderEx_350x2,master,6,318646.0,435152.0,19.0,,,
policy-scale,BenchmarkReservationScale/providers=3000/models=2,fallback,1,2496706.0,228709.0,8.0,,,
policy-scale,BenchmarkReservationScale/providers=6000/models=2,fallback,1,6164948.0,2348932.0,67.0,,,
policy-scale,BenchmarkReservationScale/providers=3000/models=2,bounded-hybrid,1,2522042.0,234388.0,8.0,,,
policy-scale,BenchmarkReservationScale/providers=6000/models=2,bounded-hybrid,1,6107699.0,1203190.0,31.0,,,
policy-scale,BenchmarkReservationScale/providers=3000/models=2,bounded-hybrid,2,2505493.0,228983.0,8.0,,,
policy-scale,BenchmarkReservationScale/providers=6000/models=2,bounded-hybrid,2,6069774.0,1218752.0,32.0,,,
policy-scale,BenchmarkReservationScale/providers=3000/models=2,fallback,2,2497942.0,234133.0,8.0,,,
policy-scale,BenchmarkReservationScale/providers=6000/models=2,fallback,2,6204380.0,2297655.0,65.0,,,
policy-scale,BenchmarkReservationScale/providers=3000/models=2,fallback,3,2519449.0,228807.0,8.0,,,
policy-scale,BenchmarkReservationScale/providers=6000/models=2,fallback,3,6284557.0,2268641.0,64.0,,,
policy-scale,BenchmarkReservationScale/providers=3000/models=2,bounded-hybrid,3,2496710.0,239727.0,8.0,,,
policy-scale,BenchmarkReservationScale/providers=6000/models=2,bounded-hybrid,3,6098760.0,1209959.0,32.0,,,
policy-scale,BenchmarkReservationScale/providers=3000/models=2,bounded-hybrid,4,2524634.0,234948.0,8.0,,,
policy-scale,BenchmarkReservationScale/providers=6000/models=2,bounded-hybrid,4,6002905.0,1224708.0,32.0,,,
policy-scale,BenchmarkReservationScale/providers=3000/models=2,fallback,4,2674971.0,234134.0,8.0,,,
policy-scale,BenchmarkReservationScale/providers=6000/models=2,fallback,4,6232280.0,2285267.0,65.0,,,
policy-scale,BenchmarkReservationScale/providers=3000/models=2,fallback,5,2526567.0,229160.0,8.0,,,
policy-scale,BenchmarkReservationScale/providers=6000/models=2,fallback,5,6209213.0,2311846.0,66.0,,,
policy-scale,BenchmarkReservationScale/providers=3000/models=2,bounded-hybrid,5,2524360.0,228948.0,8.0,,,
policy-scale,BenchmarkReservationScale/providers=6000/models=2,bounded-hybrid,5,6213692.0,1210436.0,32.0,,,
policy-scale,BenchmarkReservationScale/providers=3000/models=2,bounded-hybrid,6,2512933.0,231619.0,8.0,,,
policy-scale,BenchmarkReservationScale/providers=6000/models=2,bounded-hybrid,6,6100023.0,1203760.0,31.0,,,
policy-scale,BenchmarkReservationScale/providers=3000/models=2,fallback,6,2500040.0,228984.0,8.0,,,
policy-scale,BenchmarkReservationScale/providers=6000/models=2,fallback,6,6161933.0,2301174.0,65.0,,,
policy-skew,BenchmarkReservationSkewedModels/largeEvery=1,fallback,1,8802368.0,4188519.0,118.0,,,
policy-skew,BenchmarkReservationSkewedModels/largeEvery=20,fallback,1,1494751.0,299446.0,14.0,,,
policy-skew,BenchmarkReservationSkewedModels/largeEvery=1,bounded-hybrid,1,9065743.0,2136110.0,56.0,,,
policy-skew,BenchmarkReservationSkewedModels/largeEvery=20,bounded-hybrid,1,1482469.0,189657.0,11.0,,,
policy-skew,BenchmarkReservationSkewedModels/largeEvery=1,bounded-hybrid,2,8812671.0,2113752.0,55.0,,,
policy-skew,BenchmarkReservationSkewedModels/largeEvery=20,bounded-hybrid,2,1508839.0,189467.0,11.0,,,
policy-skew,BenchmarkReservationSkewedModels/largeEvery=1,fallback,2,8862289.0,4188590.0,118.0,,,
policy-skew,BenchmarkReservationSkewedModels/largeEvery=20,fallback,2,1499678.0,290612.0,14.0,,,
policy-skew,BenchmarkReservationSkewedModels/largeEvery=1,fallback,3,8995117.0,4188527.0,118.0,,,
policy-skew,BenchmarkReservationSkewedModels/largeEvery=20,fallback,3,1467724.0,298124.0,14.0,,,
policy-skew,BenchmarkReservationSkewedModels/largeEvery=1,bounded-hybrid,3,8795502.0,2136058.0,56.0,,,
policy-skew,BenchmarkReservationSkewedModels/largeEvery=20,bounded-hybrid,3,1500862.0,193083.0,11.0,,,
policy-skew,BenchmarkReservationSkewedModels/largeEvery=1,bounded-hybrid,4,8894000.0,2113749.0,55.0,,,
policy-skew,BenchmarkReservationSkewedModels/largeEvery=20,bounded-hybrid,4,1508214.0,199747.0,11.0,,,
policy-skew,BenchmarkReservationSkewedModels/largeEvery=1,fallback,4,8973508.0,4188534.0,118.0,,,
policy-skew,BenchmarkReservationSkewedModels/largeEvery=20,fallback,4,1477407.0,298247.0,14.0,,,
policy-skew,BenchmarkReservationSkewedModels/largeEvery=1,fallback,5,8890042.0,4188528.0,118.0,,,
policy-skew,BenchmarkReservationSkewedModels/largeEvery=20,fallback,5,1480356.0,297771.0,14.0,,,
policy-skew,BenchmarkReservationSkewedModels/largeEvery=1,bounded-hybrid,5,8843527.0,2113776.0,55.0,,,
policy-skew,BenchmarkReservationSkewedModels/largeEvery=20,bounded-hybrid,5,1514283.0,191203.0,11.0,,,
policy-skew,BenchmarkReservationSkewedModels/largeEvery=1,bounded-hybrid,6,8846429.0,2114004.0,55.0,,,
policy-skew,BenchmarkReservationSkewedModels/largeEvery=20,bounded-hybrid,6,1480733.0,195459.0,11.0,,,
policy-skew,BenchmarkReservationSkewedModels/largeEvery=1,fallback,6,8783752.0,4188519.0,118.0,,,
policy-skew,BenchmarkReservationSkewedModels/largeEvery=20,fallback,6,1469678.0,294658.0,14.0,,,
historical350,BenchmarkReserveProviderEx_350x2,master,1,338071.0,435158.0,19.0,,,
historical350,BenchmarkReserveProviderEx_350x2,optimized,1,268589.0,8406.0,6.0,,,
historical350,BenchmarkReserveProviderEx_350x2,pre1324,1,216552.0,415961.0,20.0,,,
historical350,BenchmarkReserveProviderEx_350x2,pre1324,2,216636.0,416695.0,20.0,,,
historical350,BenchmarkReserveProviderEx_350x2,optimized,2,270088.0,8407.0,6.0,,,
historical350,BenchmarkReserveProviderEx_350x2,master,2,337666.0,435158.0,19.0,,,
historical350,BenchmarkReserveProviderEx_350x2,master,3,338780.0,435158.0,19.0,,,
historical350,BenchmarkReserveProviderEx_350x2,optimized,3,269598.0,8408.0,6.0,,,
historical350,BenchmarkReserveProviderEx_350x2,pre1324,3,215794.0,416276.0,20.0,,,
historical350,BenchmarkReserveProviderEx_350x2,pre1324,4,219010.0,416830.0,20.0,,,
historical350,BenchmarkReserveProviderEx_350x2,optimized,4,269526.0,8407.0,6.0,,,
historical350,BenchmarkReserveProviderEx_350x2,master,4,337410.0,435160.0,19.0,,,
historical350,BenchmarkReserveProviderEx_350x2,master,5,336355.0,435163.0,19.0,,,
historical350,BenchmarkReserveProviderEx_350x2,optimized,5,267303.0,8408.0,6.0,,,
historical350,BenchmarkReserveProviderEx_350x2,pre1324,5,215932.0,417005.0,20.0,,,
historical350,BenchmarkReserveProviderEx_350x2,pre1324,6,216298.0,416371.0,20.0,,,
historical350,BenchmarkReserveProviderEx_350x2,optimized,6,268538.0,8407.0,6.0,,,
historical350,BenchmarkReserveProviderEx_350x2,master,6,337001.0,435160.0,19.0,,,
