scope,cell,baseline_revision,candidate_state,measured_prototype_binary_sha256,integrated_source_transfer_parity,processes_per_arm,aggregation,baseline_mean_query_ns_per_op,candidate_mean_query_ns_per_op,query_time_change_percent,query_time_change_ns,baseline_allocated_bytes_per_op,candidate_allocated_bytes_per_op,allocated_bytes_change_percent,baseline_allocations_per_op,candidate_allocations_per_op,allocations_change_percent,rss_measured,native_tps_measured,live_hit_gain_measured,provider_group_limit,tracked_provider_limit,overflow_behavior,baseline_run_1_mean_ns_per_op,baseline_run_2_mean_ns_per_op,baseline_run_3_mean_ns_per_op,baseline_run_4_mean_ns_per_op,candidate_run_1_mean_ns_per_op,candidate_run_2_mean_ns_per_op,candidate_run_3_mean_ns_per_op,candidate_run_4_mean_ns_per_op
synthetic_generic_query_not_per_model,cold/208-boundaries,e8ca1dcf9a51d5f6cd98fd201fb9e8f6d0eb6c33,local_uncommitted_integrated_bounded_groups,e78762f41c1caee2d3124cdbbe306c61b9d33b5079d1236e376098ade42870b8,True,4,median_of_four_independent_process_means_not_pooled_percentile,112058.5,112156.0,0.08700812522031143,97.5,224462.5,224460.0,-0.0011137717881637421,3745.0,3745.0,0.0,False,False,False,8,256,query_wide_append_all_remainder,111885.0,112232.0,111000.0,113194.0,110687.0,111845.0,112467.0,112889.0
synthetic_generic_query_not_per_model,sparse/64-boundaries/4-holders,e8ca1dcf9a51d5f6cd98fd201fb9e8f6d0eb6c33,local_uncommitted_integrated_bounded_groups,e78762f41c1caee2d3124cdbbe306c61b9d33b5079d1236e376098ade42870b8,True,4,median_of_four_independent_process_means_not_pooled_percentile,37206.0,38190.0,2.6447347202064098,984.0,73001.5,73442.0,0.6034122586522139,1166.0,1172.0,0.5145797598627766,False,False,False,8,256,query_wide_append_all_remainder,37948.0,37243.0,36049.0,37169.0,36527.0,37743.0,38637.0,38816.0
synthetic_generic_query_not_per_model,dense/208-boundaries/16-holders/2-tiers,e8ca1dcf9a51d5f6cd98fd201fb9e8f6d0eb6c33,local_uncommitted_integrated_bounded_groups,e78762f41c1caee2d3124cdbbe306c61b9d33b5079d1236e376098ade42870b8,True,4,median_of_four_independent_process_means_not_pooled_percentile,1739781.0,996755.0,-42.708018997793395,-743026.0,8554788.5,256537.0,-97.00124672865962,3807.0,3834.0,0.7092198581560183,False,False,False,8,256,query_wide_append_all_remainder,1737216.0,1734298.0,1742346.0,1763725.0,983101.0,998501.0,995009.0,1128596.0
synthetic_generic_query_not_per_model,dense/781-boundaries/16-holders/2-tiers,e8ca1dcf9a51d5f6cd98fd201fb9e8f6d0eb6c33,local_uncommitted_integrated_bounded_groups,e78762f41c1caee2d3124cdbbe306c61b9d33b5079d1236e376098ade42870b8,True,4,median_of_four_independent_process_means_not_pooled_percentile,7574180.0,4076879.0,-46.17398847135927,-3497301.0,41082646.5,876320.0,-97.86693391332518,14127.0,14148.0,0.14865151836906954,False,False,False,8,256,query_wide_append_all_remainder,7503497.0,7365017.0,7644863.0,8385746.0,3920518.0,3887950.0,4233240.0,4388377.0
synthetic_generic_query_not_per_model,dense/208-boundaries/invalid-deep-epoch,e8ca1dcf9a51d5f6cd98fd201fb9e8f6d0eb6c33,local_uncommitted_integrated_bounded_groups,e78762f41c1caee2d3124cdbbe306c61b9d33b5079d1236e376098ade42870b8,True,4,median_of_four_independent_process_means_not_pooled_percentile,1817409.0,1137235.0,-37.42547769929608,-680174.0,8554815.5,276121.0,-96.7723324950725,3807.0,3851.0,1.1557656947727812,False,False,False,8,256,query_wide_append_all_remainder,2091449.0,1725489.0,1896778.0,1738040.0,1234861.0,1107787.0,1132508.0,1141962.0
synthetic_generic_query_not_per_model,churn/208-boundaries/distinct-epochs,e8ca1dcf9a51d5f6cd98fd201fb9e8f6d0eb6c33,local_uncommitted_integrated_bounded_groups,e78762f41c1caee2d3124cdbbe306c61b9d33b5079d1236e376098ade42870b8,True,4,median_of_four_independent_process_means_not_pooled_percentile,2129554.0,2091119.0,-1.804838008334142,-38435.0,8549850.5,8554399.0,0.05319976062738707,3785.0,3856.0,1.8758256274768792,False,False,False,8,256,query_wide_append_all_remainder,2712118.0,1817809.0,2098675.0,2160433.0,2427493.0,2006202.0,1814120.0,2176036.0
synthetic_generic_query_not_per_model,churn/208-boundaries/distinct-pointers,e8ca1dcf9a51d5f6cd98fd201fb9e8f6d0eb6c33,local_uncommitted_integrated_bounded_groups,e78762f41c1caee2d3124cdbbe306c61b9d33b5079d1236e376098ade42870b8,True,4,median_of_four_independent_process_means_not_pooled_percentile,1619083.5,1659210.0,2.4783465460552323,40126.5,8549893.0,8554396.5,0.05267317380464043,3785.0,3856.0,1.8758256274768792,False,False,False,8,256,query_wide_append_all_remainder,2077118.0,1601535.0,1626530.0,1611637.0,1962914.0,1596072.0,1664058.0,1654362.0
synthetic_generic_query_not_per_model,churn/208-boundaries/distinct-measurements,e8ca1dcf9a51d5f6cd98fd201fb9e8f6d0eb6c33,local_uncommitted_integrated_bounded_groups,e78762f41c1caee2d3124cdbbe306c61b9d33b5079d1236e376098ade42870b8,True,4,median_of_four_independent_process_means_not_pooled_percentile,2133512.0,2168336.5,1.6322617355796432,34824.5,8549907.5,8554407.5,0.05263214835951047,3785.0,3856.0,1.8758256274768792,False,False,False,8,256,query_wide_append_all_remainder,2575556.0,2133653.0,2122505.0,2133371.0,2310846.0,2178101.0,2136327.0,2158572.0
synthetic_generic_query_not_per_model,churn/208-boundaries/128-providers,e8ca1dcf9a51d5f6cd98fd201fb9e8f6d0eb6c33,local_uncommitted_integrated_bounded_groups,e78762f41c1caee2d3124cdbbe306c61b9d33b5079d1236e376098ade42870b8,True,4,median_of_four_independent_process_means_not_pooled_percentile,1028700.0,634937.0,-38.27772917274229,-393763.0,3541453.5,410173.0,-88.41794760258746,4040.0,4174.0,3.3168316831683198,False,False,False,8,256,query_wide_append_all_remainder,1111682.0,1008390.0,1013633.0,1043767.0,656332.0,682664.0,613542.0,612567.0
synthetic_generic_query_not_per_model,churn/208-boundaries/3328-distinct-providers,e8ca1dcf9a51d5f6cd98fd201fb9e8f6d0eb6c33,local_uncommitted_integrated_bounded_groups,e78762f41c1caee2d3124cdbbe306c61b9d33b5079d1236e376098ade42870b8,True,4,median_of_four_independent_process_means_not_pooled_percentile,1868991.5,1895554.5,1.4212477691846193,26563.0,5386001.0,5431003.0,0.835536421177796,10476.0,10747.0,2.5868652157311933,False,False,False,8,256,query_wide_append_all_remainder,1918530.0,2000779.0,1819453.0,1730178.0,2035833.0,2065969.0,1749248.0,1755276.0
