model,cell,pair,modelProcessStatus,cellParityPassed,status,servingModelType,artifactSHA256,backend,checkpointPartition,mtpEnabled,strictFsync,outputTokens,savedTokens,replayTokens,donorOutputMatches,forkOutputMatches,ttftReductionPercent,totalLatencyReductionPercent,endToEndTPSIncreasePercent,donorTTFTIncreasePercent,coldFirstOutputSeconds,coldGenerationTPS,coldEndToEndTPS,coldTerminalSeconds,coldReceiptCompletionSeconds,coldFilesWrittenDelta,coldBytesWrittenDelta,coldFilesReadDelta,coldBytesReadDelta,coldWriteMillisecondsDelta,coldPrefillChunks,coldPackedPrefillChunks,coldPreemptions,coldStageMilliseconds,coldPeakStagingBytes,coldPeakWriteHostBytes,novelFirstOutputSeconds,novelGenerationTPS,novelEndToEndTPS,novelTerminalSeconds,novelReceiptCompletionSeconds,novelFilesWrittenDelta,novelBytesWrittenDelta,novelFilesReadDelta,novelBytesReadDelta,novelWriteMillisecondsDelta,novelPrefillChunks,novelPackedPrefillChunks,novelPreemptions,novelStageMilliseconds,novelPeakStagingBytes,novelPeakWriteHostBytes,donorFirstOutputSeconds,donorGenerationTPS,donorEndToEndTPS,donorTerminalSeconds,donorReceiptCompletionSeconds,donorFilesWrittenDelta,donorBytesWrittenDelta,donorFilesReadDelta,donorBytesReadDelta,donorWriteMillisecondsDelta,donorPrefillChunks,donorPackedPrefillChunks,donorPreemptions,donorStageMilliseconds,donorPeakStagingBytes,donorPeakWriteHostBytes,warmFirstOutputSeconds,warmGenerationTPS,warmEndToEndTPS,warmTerminalSeconds,warmReceiptCompletionSeconds,warmFilesWrittenDelta,warmBytesWrittenDelta,warmFilesReadDelta,warmBytesReadDelta,warmWriteMillisecondsDelta,warmPrefillChunks,warmPackedPrefillChunks,warmPreemptions,warmStageMilliseconds,warmPeakStagingBytes,warmPeakWriteHostBytes
nvidia/nemotron-3.5-lightning,short,0,pass,True,parity_passed,NemotronH35Model,be622ff6ae88533eb31ce984ddc95e5edc3bc52de1767536f2058151383d891a,paged,demanded_recurrent_qualification,False,False,128,1024,0,True,True,37.77178416457635,13.919323506809988,16.170090749590216,8.363661483712326,1.790525584,26.86916520355441,19.635601082328872,6.518771667,6.5187867090000005,0,0,0,0,0,2,0,0,0,0,0,1.340601042,27.441913942225725,21.440819585298627,5.969921042,5.969945417,0,0,0,0,0,1,0,0,0.155792,0,0,1.452724375,27.0217298363936,20.655820139947036,6.196800666,6.196816958,1,55389205,0,0,39.802959,2,0,0,0.144709,0,20971520,1.1142121249999999,28.25029752484851,22.81069559656897,5.61140275,5.611422167,0,0,2,55403426,0,1,0,0,23.636,20971520,20971520
nvidia/nemotron-3.5-lightning,medium,0,pass,True,parity_passed,NemotronH35Model,be622ff6ae88533eb31ce984ddc95e5edc3bc52de1767536f2058151383d891a,paged,demanded_recurrent_qualification,False,False,128,6144,0,True,True,78.57997725267212,41.9060197111145,72.13487439271213,2.202255714965351,5.674748292,28.188228527804306,12.570080963351364,10.18290975,10.182921833,0,0,0,0,0,4,0,0,0,20971520,20971520,5.8025505,27.278259073256834,12.227237476602998,10.468431667,10.468450125,0,0,0,0,0,4,0,0,0.616208,20971520,20971520,5.9303375,27.80604705216585,12.083818034549019,10.592678542,10.592697833999999,2,148550828,0,0,84.229917,4,0,0,0.624958,20971520,20971520,1.215532375,27.04301313678244,21.63749307732709,5.915657583,5.91567625,0,0,2,86900124,0,1,0,0,38.175042,20971520,20971520
prism-ml/ternary-bonsai-2-27b,short,0,pass,True,parity_passed,PrismHadamardQwen35,ea1e901e4946c0ba9ad70c78517548808b353db6b3a13e87a8fa20468d81244c,paged,demanded_recurrent_qualification,False,False,128,1024,0,True,True,-0.5919194064909483,-11.946470045410763,-10.671591556718774,22.37500797889409,13.182763083,19.05140432664143,6.44733911745892,19.853151458,19.853162208,0,0,0,0,0,2,0,0,0,0,0,13.453963542,16.94562870645949,6.1092204280351305,20.95193675,20.951967625,0,0,0,0,0,1,0,0,0.142042,0,0,16.464288958,14.629962036894677,5.033569641197028,25.429269708,25.429286458,1,291139132,0,0,274.99075,2,0,0,0.129625,0,20971520,13.260794416,14.17419929097195,5.759305420567148,22.22490225,22.224917041,0,0,2,291164792,0,1,0,0,105.723042,20971520,20971520
prism-ml/ternary-bonsai-2-27b,medium,0,pass,True,parity_passed,PrismHadamardQwen35,ea1e901e4946c0ba9ad70c78517548808b353db6b3a13e87a8fa20468d81244c,paged,demanded_recurrent_qualification,False,False,128,6144,0,True,True,87.93479957148925,79.108248563137,378.6578104866419,-4.4796277644025935,63.307513375,19.122874644920394,1.8296791631766025,69.957620208,69.957630458,0,0,0,0,0,4,0,0,0,20971520,20971520,45.391929083,17.35874960974781,2.4274904320947273,52.729353042,52.729374917,0,0,0,0,0,4,0,0,0.563958,20971520,20971520,43.358539625,17.846412405582104,2.4200304807713144,52.891895791,52.891915916,2,1387625934,0,0,2391.1245010000002,4,0,0,0.588167,20971520,20971520,7.638178375,18.224625178116113,8.757902221391438,14.615372125,14.615388084,0,0,2,962319078,0,1,0,0,306.075917,20971520,20971520
qwen/qwen3.5-35b-a3b,short,0,failed_parity,False,both_donor_and_fork_parity_failed,Qwen35MoEModel,95811153b3bb2ed78bf44b3248b07b52fce637706107de8b0fddf21796ade01c,paged,demanded_recurrent_qualification,False,False,128,1024,0,False,False,42.297460070136935,3.9476502744532294,4.109894537440217,9.746652570434078,1.463648959,24.551287760955905,19.28010413217982,6.638968292,6.638979334,0,0,0,0,0,2,0,0,0,0,0,1.042268084,24.625770298191142,20.639657795479934,6.201653209,6.201688834,0,0,0,0,0,1,0,0,0.13325,0,0,1.143854333,24.09093150245952,19.79408826073356,6.466577208,6.4665937079999996,1,85380049,0,0,45.274792,2,0,0,0.147583,0,20971520,0.844562625,22.96923132527259,20.072496078721063,6.376885042,6.376905459,0,0,2,85397858,0,1,0,0,32.644708,20971520,20971520
qwen/qwen3.5-35b-a3b,medium,0,failed_parity,True,cell_parity_passed_model_failed,Qwen35MoEModel,95811153b3bb2ed78bf44b3248b07b52fce637706107de8b0fddf21796ade01c,paged,demanded_recurrent_qualification,False,False,128,6144,0,True,True,79.5070589796917,40.844360293263,69.0455897286348,-0.8877217111276758,4.916845708,23.127628578707128,12.291680817964357,10.413547333,10.413559167,0,0,0,0,0,4,0,0,0,20971520,20971520,4.428349167,24.149569120345287,13.195449589991078,9.700313667,9.700330375,0,0,0,0,0,4,0,0,0.586292,20971520,20971520,4.38903775,22.75245919471492,12.63060002434698,10.134118708,10.134133666,2,296614645,0,0,148.960958,4,0,0,0.626542,20971520,20971520,1.007606291,24.67218573372484,20.778544326289328,6.160200541,6.1602197499999996,0,0,2,190298042,0,1,0,0,74.733042,20971520,20971520
qwen/qwen3.5-9b,short,0,pass,True,parity_passed,Qwen35Model,127de76b4ef82b7aaa0acaac0ee31c784cff066eda64291f521f051469b7c24b,paged,demanded_recurrent_qualification,False,False,128,1024,0,True,True,42.54421262998095,22.43707701155064,28.927580533410225,1.8184501743879533,2.637502,46.29009210436944,23.774923357796506,5.383823875,5.38383675,0,0,0,0,0,1,0,0,0,0,0,2.081385541,47.23427512403182,26.819850151722555,4.772584458,4.772608541,0,0,0,0,0,1,0,0,0.158667,0,0,2.1192345,47.82466650007314,26.478196157231555,4.834166166,4.834180375,1,85082247,0,0,54.409708,2,0,0,0.130125,0,20971520,1.515397541,47.78527179562938,30.65243345887965,4.175851166,4.175866708,0,0,2,85097486,0,1,0,0,32.047291,20971520,20971520
qwen/qwen3.5-9b,medium,0,pass,True,parity_passed,Qwen35Model,127de76b4ef82b7aaa0acaac0ee31c784cff066eda64291f521f051469b7c24b,paged,demanded_recurrent_qualification,False,False,128,6144,0,True,True,81.34241050536508,62.78973654591999,168.74305827854937,-0.6566867125113895,9.351583625,42.97283537347856,10.395958892865275,12.312476542,12.312491917,0,0,0,0,0,2,0,0,0,20971520,20971520,9.117367667,45.41956637367768,10.73647534117326,11.921975875,11.921992667,0,0,0,0,0,2,0,0,0.664666,20971520,20971520,9.057495125,45.360091263074985,10.309092361735742,12.416224,12.416241334,2,438635808,0,0,545.912792,3,0,0,0.5565,20971520,20971520,1.7447800839999998,44.851532603338526,27.938417866066963,4.581504959,4.581521834,0,0,2,252914204,0,1,0,0,102.209375,20971520,20971520
qwen/qwen3.6-35b-a3b,short,0,failed_parity,False,both_donor_and_fork_parity_failed,Qwen35MoEModel,d932e96b00404b0575fff47e2dac8ed113056b3f22d0040c3c8d3f9ef25b09ed,paged,demanded_recurrent_qualification,False,False,128,1024,0,False,False,41.23655581422215,5.733010906552726,6.081673936641341,9.534111674772138,1.389481041,24.929006512769494,19.732847944986244,6.486646041,6.486658083,0,0,0,0,0,2,0,0,0,0,0,1.033919083,23.657289880945854,19.987498054195594,6.404003125,6.404023375,0,0,0,0,0,1,0,0,0.121916,0,0,1.132494083,23.35044736466639,19.309002334242965,6.629032292,6.629047375,1,85380049,0,0,51.564292,2,0,0,0.124625,0,20971520,0.816506916,23.982905663162956,20.93293541541354,6.114765916,6.114780375,0,0,2,85397858,0,1,0,0,33.176916,20971520,20971520
qwen/qwen3.6-35b-a3b,medium,0,failed_parity,True,cell_parity_passed_model_failed,Qwen35MoEModel,d932e96b00404b0575fff47e2dac8ed113056b3f22d0040c3c8d3f9ef25b09ed,paged,demanded_recurrent_qualification,False,False,128,6144,0,True,True,78.29777341751837,38.41553324952708,62.37860823765609,-3.2815893121153183,4.574269125,22.22465290314959,12.433454558168318,10.294805792,10.294819042,0,0,0,0,0,4,0,0,0,20971520,20971520,4.590744291,22.431983674082822,12.468822667217832,10.265604333,10.265621833,0,0,0,0,0,4,0,0,0.56675,20971520,20971520,4.440094917,23.747748795923545,12.549607665233378,10.199522042,10.199537583,2,296614645,0,0,398.04695899999996,4,0,0,0.5415,20971520,20971520,0.99271825,23.77618206467561,20.189270467415128,6.34000125,6.34002125,0,0,2,190298042,0,1,0,0,69.517916,20971520,20971520
