promptTokens,completedOutputTokens,firstOutputTokenCount,outputEventCount,firstOutputSeconds,terminalSeconds,receiptCompletionSeconds,receiptCompletionTPS,generationTPS,endToEndTPS,quiescenceCompletionSeconds,quiescenceCompletionTPS,receiptToQuiescenceMilliseconds,checkpointWritesDrained,stageDisposition,restoredTokens,matchedTokens,replayTokens,filesWrittenDelta,bytesWrittenDelta,filesReadDelta,bytesReadDelta,writeMillisecondsDelta,prefillChunks,packedPrefillChunks,preemptions,peakStagingBytes,peakWriteHostBytes,model,cell,block,role,armStatus,qualified,crossCutOutputMatches,mtp_requested,mtp_activeBefore,mtp_activeAfter,mtp_verificationMode,mtp_qualified,mtp_rounds,mtp_draftedTokens,mtp_acceptedTokens,mtp_emittedTokens,mtp_serialVerificationRounds,mtp_rectangularVerificationRounds,mtp_seedSteps,config_demandedShortCheckpointMinimumTokens,config_demandedCheckpointPartitionIncludesLongPrompts
2304,128,1,128,2.158819834,7.813757667,7.813770334,16.381336349628114,22.46255386148988,16.38136290565869,7.824786709,16.358273363895727,11.016375,True,not_attempted,0,0,0,0,0,0,0,0,2,0,0,0,0,nvidia/nemotron-3.5-lightning,short,0,cold_fork,pass,True,True,True,True,True,rectangular_exact,True,18,40,0,18,0,18,109,1024,False
1793,128,1,128,1.6905068330000002,7.6437458750000005,7.643780875,16.745639637399993,21.33645596006387,16.745716314123275,7.65412825,16.72300173439085,10.347375000000001,True,miss_absent,0,0,0,0,0,0,0,0,1,0,0,0,0,nvidia/nemotron-3.5-lightning,short,0,novel_donor,pass,True,True,True,True,True,rectangular_exact,True,19,38,0,19,0,19,108,1024,False
1793,128,1,128,1.869689375,7.495008875,7.495029459,17.077984909892265,22.73580933607073,17.078031812203825,7.495036167,17.07796962522649,0.0067079999999999996,True,miss_absent,0,0,0,1,60899019,0,0,35.248042,2,0,0,0,20971520,nvidia/nemotron-3.5-lightning,short,0,demanded_donor,pass,True,True,True,True,True,rectangular_exact,True,14,26,0,14,0,14,113,1024,False
2304,128,1,128,1.355220292,7.160695875,7.1607265,17.87528123019361,21.880330887960504,17.87535767953558,7.171401542,17.848672850119428,10.675042,True,staged,1024,1024,0,0,0,2,60913858,0,1,0,0,20971520,20971520,nvidia/nemotron-3.5-lightning,short,0,warm_fork,pass,True,True,True,True,True,rectangular_exact,True,20,37,0,20,0,20,107,1024,False
2304,128,1,128,2.223469375,7.913080875,7.913093333,16.175722263530137,22.325499957681135,16.175747729862547,7.924717208,16.15199591864099,11.623875,True,not_attempted,0,0,0,0,0,0,0,0,2,0,0,20971520,20971520,nvidia/nemotron-3.5-lightning,short,1,cold_fork,pass,True,True,True,True,True,rectangular_exact,True,17,33,0,17,0,17,110,1024,False
1793,128,1,128,1.733663375,8.035367291,8.035385083,15.929541481565359,20.155771179544494,15.929576752934018,8.045664958,15.909188447217964,10.279875,True,miss_absent,0,0,0,0,0,0,0,0,1,0,0,20971520,20971520,nvidia/nemotron-3.5-lightning,short,1,novel_donor,pass,True,True,True,True,True,rectangular_exact,True,30,57,0,30,0,30,97,1024,False
1793,128,1,128,1.765969417,7.498820792,7.498842084,17.069301975715536,22.311874280669894,17.069350441946128,7.498848334,17.06928774911265,0.00625,True,miss_absent,0,0,0,1,60899019,0,0,37.002167,2,0,0,0,20971520,nvidia/nemotron-3.5-lightning,short,1,demanded_donor,pass,True,True,True,True,True,rectangular_exact,True,16,34,0,16,0,16,111,1024,False
2304,128,1,128,1.374688459,7.187898917,7.187915167,17.807667039206724,21.8508133567398,17.80770729778475,7.198056209,17.782578557799646,10.141041999999999,True,staged,1024,1024,0,0,0,2,60913858,0,1,0,0,20971520,20971520,nvidia/nemotron-3.5-lightning,short,1,warm_fork,pass,True,True,True,True,True,rectangular_exact,True,19,31,0,19,0,19,108,1024,False
2304,128,1,128,2.11116225,7.520744416,7.520770708,17.019532301901418,23.481613249694416,17.01959180100397,7.532606166,16.992790699420194,11.835458000000001,True,not_attempted,0,0,0,0,0,0,0,0,2,0,0,0,0,nvidia/nemotron-3.5-lightning,short,2,cold_fork,pass,True,True,True,True,True,rectangular_exact,True,16,33,0,16,0,16,111,1024,False
1793,128,1,128,1.6535429160000001,7.173058041,7.173083041,17.84448880186887,23.0131940576037,17.8445509946209,7.183933958,17.817535732975344,10.850916999999999,True,miss_absent,0,0,0,0,0,0,0,0,1,0,0,0,0,nvidia/nemotron-3.5-lightning,short,2,novel_donor,pass,True,True,True,True,True,rectangular_exact,True,17,41,0,17,0,17,110,1024,False
1793,128,1,128,1.76217625,7.333224208,7.333242458,17.454761755539927,22.960875046960844,17.454805194741155,7.333248875,17.45474648165408,0.006417,True,miss_absent,0,0,0,1,60899019,0,0,35.568959,2,0,0,0,20971520,nvidia/nemotron-3.5-lightning,short,2,demanded_donor,pass,True,True,True,True,True,rectangular_exact,True,21,69,0,21,0,21,106,1024,False
2304,128,1,128,1.335750666,6.789515958,6.789539916,18.852529270556246,23.291674679079172,18.852595795018235,6.799980333,18.823583853444653,10.440417,True,staged,1024,1024,0,0,0,2,60913858,0,1,0,0,20971520,20971520,nvidia/nemotron-3.5-lightning,short,2,warm_fork,pass,True,True,True,True,True,rectangular_exact,True,17,38,0,17,0,17,110,1024,False
