cell,pair,role,promptTokens,completedOutputTokens,firstOutputTokenCount,outputEventCount,firstOutputSeconds,lastOutputSeconds,terminalSeconds,receiptCompletionSeconds,receiptCompletionTPS,generationTPS,endToEndTPS,quiescenceCompletionSeconds,quiescenceCompletionTPS,receiptToQuiescenceMilliseconds,checkpointWritesDrained,stageMilliseconds,stageDisposition,restoredTokens,matchedTokens,replayTokens,filesWrittenDelta,bytesWrittenDelta,filesReadDelta,bytesReadDelta,writeMillisecondsDelta,packedPrefillChunks,prefillChunks,preemptions,peakStagingBytes,peakWriteHostBytes,model,block,policy,armOrder,armStatus,parityQualified,mtp_requested,mtp_activeBefore,mtp_activeAfter,mtp_verificationMode,mtp_qualified,mtp_rounds,mtp_draftedTokens,mtp_acceptedTokens,mtp_emittedTokens,mtp_serialVerificationRounds,mtp_rectangularVerificationRounds,mtp_seedSteps,config_maxBatchedTokensPerStep,config_maxConcurrentPartialPrefills,config_maxConcurrentRequests,config_prefillChunkSize,config_soloPrefillStripeTokens,config_demandedShortCheckpointMinimumTokens,config_demandedCheckpointPartitionIncludesLongPrompts
short,0,cold_fork,2304,128,1,51,3.007469084,5.207409334,5.209114292,5.20912975,24.57224260923814,57.728840590102386,24.57231552714797,5.219852292,24.52176667837405,10.722542,True,0,not_attempted,0,0,0,0,0,0,0,0,0,1,0,0,0,qwen/qwen3.5-9b,0,production,18,pass,True,True,True,True,rectangular,True,48,146,77,125,0,48,2,2048,1,1,512,4096,1024,False
short,0,novel_donor,1793,128,1,47,2.3790387920000002,4.48441725,4.486106917,4.486135209,28.532354473670075,60.32169632848024,28.532534415296016,4.4968405,28.464429636763857,10.705291,True,0.148083,miss_absent,0,0,0,0,0,0,0,0,0,1,0,0,0,qwen/qwen3.5-9b,0,production,18,pass,True,True,True,True,rectangular,True,45,162,81,126,0,45,1,2048,1,1,512,4096,1024,False
short,0,demanded_donor,1793,128,1,47,2.421426833,4.479021208,4.531943083,4.53195725,28.243867481318368,61.722563758466734,28.243955772557527,4.531962958,28.24383190821305,0.005708,True,0.1505,miss_absent,0,0,0,1,93475616,0,0,49.126125,0,2,0,0,20971520,qwen/qwen3.5-9b,0,production,18,pass,True,True,True,True,rectangular,True,45,163,81,126,0,45,1,2048,1,1,512,4096,1024,False
short,0,warm_fork,2304,128,1,50,1.7584716249999999,3.845164042,3.846897542,3.8469114170000003,33.273446181877596,60.861868747568266,33.27356619262932,3.857329584,33.183578746015705,10.418167,True,36.339791,staged,1024,1024,0,0,0,2,93491444,0,0,1,0,20971520,20971520,qwen/qwen3.5-9b,0,production,18,pass,True,True,True,True,rectangular,True,47,137,78,125,0,47,2,2048,1,1,512,4096,1024,False
short,0,cold_fork,2304,128,1,50,2.955986167,5.077733,5.079248083,5.079260917,25.200516786131466,59.85634008013623,25.2005804615864,5.090209042,25.146315002754264,10.948125,True,0,not_attempted,0,0,0,0,0,0,0,0,0,1,0,0,0,qwen/qwen3.5-9b,0,candidate,19,pass,True,True,True,True,rectangular,True,47,144,78,125,0,47,2,2048,1,1,512,4096,1024,True
short,0,novel_donor,1793,128,1,47,2.315633583,4.370299125,4.371844917,4.371870333,29.278087008624915,61.81054648747305,29.278257218656048,4.382476417,29.207230757358342,10.606084,True,0.145333,miss_absent,0,0,0,0,0,0,0,0,0,1,0,0,0,qwen/qwen3.5-9b,0,candidate,19,pass,True,True,True,True,rectangular,True,45,153,81,126,0,45,1,2048,1,1,512,4096,1024,True
short,0,demanded_donor,1793,128,1,49,2.347400292,4.922992917,4.981626875,4.981644,25.694329020700795,49.30904008936584,25.694417348348676,4.981650042,25.694297857304203,0.006042,True,0.150417,miss_absent,0,0,0,1,93475616,0,0,54.740709,0,2,0,0,20971520,qwen/qwen3.5-9b,0,candidate,19,pass,True,True,True,True,rectangular,True,47,161,79,126,0,47,1,2048,1,1,512,4096,1024,True
short,0,warm_fork,2304,128,1,50,1.694367084,3.7895139589999998,3.791200792,3.791220042,33.76221864781965,60.616275410285965,33.76239007706981,3.80213375,33.66530701346316,10.913708,True,37.540708,staged,1024,1024,0,0,0,2,93491444,0,0,1,0,20971520,20971520,qwen/qwen3.5-9b,0,candidate,19,pass,True,True,True,True,rectangular,True,47,141,78,125,0,47,2,2048,1,1,512,4096,1024,True
short,1,demanded_donor,1793,128,1,47,2.42436875,4.702714375,4.9152432919999995,4.91526475,26.041323613341476,55.742201098220114,26.041437299417407,4.915270667,26.0412922648111,0.005917,True,0.1515,miss_absent,0,0,0,1,93475616,0,0,208.046583,0,2,0,0,20971520,qwen/qwen3.5-9b,1,candidate,20,pass,True,True,True,True,rectangular,True,45,164,81,126,0,45,1,2048,1,1,512,4096,1024,True
short,1,warm_fork,2304,128,1,51,1.850525792,4.089131042,4.090786209,4.090801959,31.28970829751184,56.731752951977576,31.289828766507412,4.101151959,31.21074304967006,10.35,True,37.798459,staged,1024,1024,0,0,0,2,93491444,0,0,1,0,20971520,20971520,qwen/qwen3.5-9b,1,candidate,20,pass,True,True,True,True,rectangular,True,48,158,77,125,0,48,2,2048,1,1,512,4096,1024,True
short,1,novel_donor,1793,128,1,47,2.414308583,4.543499625,4.54502325,4.545038666,28.162576692147333,59.64706665340179,28.162672215153137,4.556271666,28.09314487438643,11.233,True,0.180083,miss_absent,0,0,0,0,0,0,0,0,0,1,0,20971520,20971520,qwen/qwen3.5-9b,1,candidate,20,pass,True,True,True,True,rectangular,True,45,162,81,126,0,45,1,2048,1,1,512,4096,1024,True
short,1,cold_fork,2304,128,1,51,3.122893917,5.31958625,5.321217959,5.321235125,24.054565715135542,57.81419550299855,24.054643314038323,5.331753709,24.00711041545974,10.518583999999999,True,0,not_attempted,0,0,0,0,0,0,0,0,0,1,0,20971520,20971520,qwen/qwen3.5-9b,1,candidate,20,pass,True,True,True,True,rectangular,True,48,143,77,125,0,48,2,2048,1,1,512,4096,1024,True
short,1,demanded_donor,1793,128,1,47,2.435029959,4.557362,4.617003334,4.61702775,27.723463433807606,59.83983540113741,27.72361004320644,4.617034084,27.72342540064298,0.006334,True,0.132583,miss_absent,0,0,0,1,93475616,0,0,55.713042,0,2,0,0,20971520,qwen/qwen3.5-9b,1,production,21,failed,False,True,True,True,rectangular,True,45,168,81,126,0,45,1,2048,1,1,512,4096,1024,False
short,1,warm_fork,2304,128,1,50,1.7231964579999999,4.765808291,4.768506041,4.768530958,26.842648423045006,41.740454244792254,26.84278868464162,4.779716791,26.779829349098353,11.185832999999999,True,37.866084,staged,1024,1024,0,0,0,2,93491444,0,0,1,0,20971520,20971520,qwen/qwen3.5-9b,1,production,21,failed,False,True,True,True,rectangular,True,47,138,78,125,0,47,2,2048,1,1,512,4096,1024,False
